,name,train_mean,train_std,test_mean,test_std
0,auxiliary,4.966666666666666,0.05374838498865699,11.523333333333333,0.5987115796070387
