,name,train_mean,train_std,test_mean,test_std
0,simple,4.97,0.10692676621563627,16.346666666666668,1.4268224214043677
